volume-99.nii , 2
volume-46.nii , 1
volume-116.nii , 2
volume-84.nii , 2
volume-44.nii , 1
volume-97.nii , 2
volume-38.nii , 1
volume-78.nii , 1
volume-34.nii , 1
volume-7.nii , 1
volume-119.nii , 2
volume-22.nii , 1
volume-16.nii , 1
volume-55.nii , 2
volume-42.nii , 1
volume-25.nii , 1
volume-118.nii , 2
volume-53.nii , 2
volume-117.nii , 2
volume-32.nii , 1
volume-57.nii , 2
volume-111.nii , 2
volume-13.nii , 1
volume-33.nii , 1
volume-98.nii , 2
volume-91.nii , 2
volume-120.nii , 2
volume-88.nii , 2
volume-121.nii , 2
volume-127.nii , 2
volume-28.nii , 1
volume-17.nii , 1
volume-9.nii , 1
volume-89.nii , 2
volume-105.nii , 2
volume-10.nii , 1
volume-62.nii , 2
volume-83.nii , 2
volume-65.nii , 2
volume-94.nii , 2
volume-18.nii , 1
volume-70.nii , 1
volume-76.nii , 1
volume-100.nii , 2
volume-2.nii , 1
volume-6.nii , 1
volume-115.nii , 2
volume-8.nii , 1
volume-40.nii , 1
volume-11.nii , 1
volume-93.nii , 2
volume-106.nii , 2
volume-0.nii , 1
volume-109.nii , 2
volume-110.nii , 2
volume-69.nii , 1
volume-102.nii , 2
volume-37.nii , 1
volume-43.nii , 1
volume-5.nii , 1
volume-14.nii , 1
volume-4.nii , 1
volume-123.nii , 2
volume-126.nii , 2
volume-30.nii , 1
volume-45.nii , 1
volume-52.nii , 1
volume-41.nii , 1
volume-3.nii , 1
volume-130.nii , 2
volume-87.nii , 2
volume-85.nii , 2
volume-104.nii , 2
volume-71.nii , 1
volume-61.nii , 2
volume-92.nii , 2
volume-125.nii , 2
volume-31.nii , 1
volume-58.nii , 2
volume-79.nii , 1
volume-101.nii , 2
volume-26.nii , 1
volume-82.nii , 1
volume-81.nii , 1
volume-63.nii , 2
volume-27.nii , 1
volume-72.nii , 1
volume-35.nii , 1
volume-59.nii , 2
volume-56.nii , 2
volume-124.nii , 2
volume-75.nii , 1
volume-128.nii , 2
volume-49.nii , 1
volume-64.nii , 2
volume-73.nii , 1
volume-77.nii , 1
volume-66.nii , 2
volume-15.nii , 1
volume-50.nii , 1
volume-68.nii , 1
volume-113.nii , 2
volume-108.nii , 2
volume-54.nii , 2
volume-80.nii , 1
volume-103.nii , 2
volume-74.nii , 1
volume-36.nii , 1
volume-47.nii , 1
volume-107.nii , 2
volume-90.nii , 2
volume-48.nii , 1
volume-20.nii , 1
volume-23.nii , 1
volume-29.nii , 1
volume-67.nii , 2
volume-19.nii , 1
volume-1.nii , 1
volume-129.nii , 2
volume-95.nii , 2
volume-51.nii , 1
volume-12.nii , 1
volume-24.nii , 1
volume-39.nii , 1
volume-21.nii , 1
volume-114.nii , 2
volume-60.nii , 2
volume-122.nii , 2
volume-86.nii , 2
volume-112.nii , 2
volume-96.nii , 2
